<?xml version='1.1' encoding='UTF-8'?>
<repositoryTree version="V8">
  <rootFolder type="treeFolder">
    <printName>ROOT</printName>
    <treeType>navigator-tree</treeType>
    <contentIdentifier>PIxPsSHkyJTE7jqfZADD</contentIdentifier>
    <nodes>
      <node type="treeLeaf">
        <itemName>3sCrqhC7F7Oxv68MR92s</itemName>
        <itemType>Workbook</itemType>
      </node>
    </nodes>
  </rootFolder>
  <rootFolder type="treeFolder">
    <printName>ROOT</printName>
    <treeType>catalog-layer-tree</treeType>
    <contentIdentifier>FlFaS1sNv7H7JFtm-aLj</contentIdentifier>
  </rootFolder>
</repositoryTree>
