<?xml version='1.1' encoding='UTF-8'?>
<repository version="V2">
  <name>_DS4kjgAp5On-lHnEgIi</name>
  <printName>gpx</printName>
  <dataProtectionMode>none</dataProtectionMode>
  <dpcWorkbooksEnabled>false</dpcWorkbooksEnabled>
  <dpcProjectsEnabled>false</dpcProjectsEnabled>
  <projectsEnabled>false</projectsEnabled>
  <deletionDeadlineWorkbooksEnabled>false</deletionDeadlineWorkbooksEnabled>
  <deletionDeadlineProjectsEnabled>false</deletionDeadlineProjectsEnabled>
  <importerAuthorization>owner</importerAuthorization>
</repository>
